SMILES,TARGET
ClCCl,935.372222
ClCCCl,685.927778
CCC(C)=O,788.705556
CBr,810.372222
CCC=O,480.372222
ClC=C(Cl)Cl,683.15
C=CCCC,545.927778
CCCCCCl,533.15
CCC(=O)O,748.15
CCCCOCCCC,467.594444
CCCCC(C)C,553.15
CCCC(=O)OCC,735.927778
CCC(C)C(C)(C)C,703.15
CCCCBr,538.15
CCCCOCCO,510.927778
O=Cc1ccco1,588.705556
OC1CCCCC1,573.15
OCc1ccco1,664.261111
CCC1CCCCC1,535.372222
CCCCCCCCCCO,560.927778
Cc1ccccc1[N+](=O)[O-],578.15
Oc1ccccc1,988.15
CCOC(C)OCC,503.15
CCCC1CCCC1,542.038889
CC1OC(C)OC(C)O1,510.927778
C=CCCCCCCCCCCCCCC,513.15
N#CCCO,767.594444
C=COC=C,633.15
C1=CCC=C1,913.15
Cc1ccc(O)cc1,832.038889
OCCNCCO,935.372222
Cc1ccccc1O,872.038889
BrC(Br)C(Br)Br,608.15
CC(=O)OCc1ccccc1,734.261111
C=CC(=O)OCC(CC)CCCC,530.927778
CC(C)(O)C#N,960.927778
Cc1ccc(O)c(C)c1,872.038889
CCCCc1cccc2ccccc12,633.15
C,873.15
Clc1ccc(Cl)cc1,919.816667
