SMILES,TARGET
CC(C)CC(C)(C)C,-11.434152181326482
CCC=O,-10.707743928643524
Cc1cccc(C)c1C,-10.485452247339714
C1=CCC=CC1,-10.0
C=C=O,-10.761953896871203
C=C1CC/C=C(\C)CC[C@@H]2[C@@H]1CC2(C)C,-9.69897000433602
CCOC(=O)CC,-11.669586226650807
COP(=S)(Cl)OC,-10.229147988357855
OCCOCCO,-10.522878745280336
Cc1ccc(O)c(C)c1,-10.14569395819892
CCCCCCBr,-11.23284413391782
CCCCOCOCCCC,-10.469800301796916
CC(=O)C(C)C,-11.542118103266008
Cc1cccc(C)c1O,-10.18111458540599
CC1=CCCCC1,-10.02502800570193
Cc1ccccc1,-11.224753740259764
CCc1cccc(C)c1,-10.71669877129645
CCOC(F)(F)C(F)F,-12.649751981665837
CCCCCCCC(C)=O,-10.913640169325252
COC(C)(C)C,-11.531652669587842
C=C[N+](=O)[O-],-11.920818753952377
CCON=O,-12.154901959985745
O=C1CCCC1,-11.531652669587842
Cc1cccc2ccccc12,-10.275724130399212
C1CCSC1,-10.705533773838408
CC(C)CC(C)C(C)C,-11.103473782510443
CC(Cl)(Cl)Cl,-14.025488307262671
CC1CCCO1,-10.657577319177792
C[Si](C)(C)O[Si](C)(C)C,-11.860120913598765
CCO[N+](=O)[O-],-12.69897000433602
c1cc[nH]c1,-9.958607314841776
Clc1ccc(-c2ccccc2)c(Cl)c1,-11.585026652029182
COC,-11.525783735923746
CC(C)O[N+](=O)[O-],-12.309803919971486
Clc1ccc(-c2ccccc2)cc1,-11.413412695328246
C=CC(C)=O,-10.72584215073632
C=COC,-10.474955192963154
C=CCC,-10.503070351926786
OCC(F)(F)F,-13.019996628416251
CCCC(=O)OC,-11.517126416391246
CCCN(CCC)C(=O)SCC,-10.497572880015568
COC(=O)C(C)O,-11.55284196865778
CCCCCBr,-11.402304814074489
CCC(CC)(CC)CC,-11.30539480106643
Brc1ccccc1,-12.113509274827518
C=C(C)C(CC=O)CCC(C)=O,-9.958607314841776
Cc1ccc(C(C)C)cc1,-10.821023052706831
CCOCC,-10.882728704344236
COc1ccccc1,-10.761953896871203
CCC(C)S,-10.397940008672036
CCC(=O)CO,-11.113509274827518
CCOCC=O,-10.779891911959943
CCCCC(C)CCC,-11.012333735073726
CC(C)(C)OO,-11.522878745280336
FC(F)(F)COCC(F)(F)F,-12.787812395596042
