SMILES,TARGET
CC(C)CC(C)(C)C,-11.434152181326482
CCC=O,-10.707743928643524
Cc1cccc(C)c1C,-10.485452247339714
C1=CCC=CC1,-10.0
C=C=O,-10.761953896871203
C=C1CC/C=C(\C)CC[C@@H]2[C@@H]1CC2(C)C,-9.69897000433602
CC#N,-13.580044251510245
OCCOCCO,-10.522878745280336
CCC(C)CS,-10.267606240177033
CCCCCCBr,-11.23284413391782
CCCCOCOCCCC,-10.469800301796916
C#CCC,-11.096910013008056
COC(F)(F)C(F)(F)C(F)(F)C(F)(F)F,-14.142667503568733
CC(Cl)C(C)Cl,-12.017728766960431
CC#CC,-10.562249437179611
Cc1cccc(O)c1,-10.193820026016112
CC(=O)C(C)C,-11.542118103266008
Cc1cccc(C)c1O,-10.18111458540599
CC1=CCCCC1,-10.02502800570193
ClC(Cl)C(Cl)Cl,-12.602059991327964
CCCCCCCCCCCCC,-10.795880017344077
CC(=O)OCC(C)C,-11.259637310505756
COP(=O)(OC)SC,-11.031984286006358
C=CCCCC,-10.42596873227228
CCCCOC(=O)CCC,-10.97469413473523
CCC(C)(C)OC,-11.259637310505756
C=C=C,-11.007004901568658
COC(C)OC,-11.051098239029786
CC(C)[N+](=O)[O-],-12.585026652029182
C=C(C)CCC,-10.200659450546418
CCCCCCl,-11.473660722610155
c1cc2ccc3cccc4ccc(c1)c2c34,-10.30102999566398
C=C1C2CCC(C2)C1(C)C,-10.273272790973428
C[Si](C)(C)C,-12.0
CC1=CCC(=O)O1,-10.161150909262744
O=C1C=CC(=O)O1,-11.838631997765026
O=CCl,-12.494850021680094
CNC(=O)OC,-11.366531544420411
CCCCC(C)(C)C,-11.316052869248487
CCON=O,-12.154901959985745
CCOCCC(=O)OCC,-10.640164517660113
FC(F)C(F)(F)F,-14.602059991327964
CCC#N,-12.712198270069774
CCCCCC(C)=O,-10.931814138253838
COCC(C)=O,-11.169411331314857
FC(Cl)(Cl)Cl,-15.30102999566398
COC(F)(F)F,-13.669586226650807
CCO[N+](=O)[O-],-12.69897000433602
COP(=O)(OC)OC,-11.132532512140948
C1=CCCCC=C1,-9.856985199745903
CC(=O)CC1C(CC=O)C1(C)C,-10.318758762624412
CCCCOC(C)=O,-11.309803919971486
CCC(C)O,-11.017728766960431
CCC(C)CC,-11.244125144327509
C=C(C)C=CC,-9.866461091629782
