dataset,rows,target_non_null,target_missing_or_non_numeric,target_mean,target_std,target_min,target_p01,target_p05,target_q25,target_median,target_q75,target_p95,target_p99,target_max,target_iqr,target_skew,iqr_low,iqr_high,unique_smiles_string,string_duplicate_extra_rows
mp,3038,3038,0,62.72160961158657,95.95547761352574,-188.0,-141.0,-109.0,5.0,63.25,129.0,220.0,274.6300000000001,438.0,124.0,-0.06503576264567226,-181.0,315.0,3038,0
st,326,326,0,0.02665006319018405,0.010616106599815248,0.000194,0.00061775,0.008169000000000001,0.02121375,0.02688,0.032285,0.042717500000000005,0.05566375,0.07197,0.011071250000000001,0.33083709374126147,0.004606875,0.048891875,326,0
