SMILES,TARGET
C=C(C)[C@H]1CC=C(C)CC1,0.125925279122
CC(C)c1cc(OO)cc(C(C)C)c1,0.139804130991
CC1=CC=CCC1,0.135575
CC1CCCCC1,0.111494
CCC1CC=CCC1,0.129944
CCCC1CCCCC1,0.114839567901235
CCCc1ccccc1C,0.128202824447493
CNC1CCCCC1,0.127672359497617
COC(=O)c1ccccc1,0.145212912179904
Cc1cccc(O)c1,0.153643315738617
Clc1ccccc1,0.130221560834617
NCCN1CCNCC1,0.155124851026123
OOC1CCCCC1,0.151073276724617
C1=CCOC1,0.149647477749
CC1=CC(C)CC1,0.135419
CC1CCCO1,0.137288
C[C@@H]1CC[C@@H](C)C1,0.11395696525774
Cc1ccc(C)s1,0.13889768412211
c1cc[nH]c1,0.165782078647986
c1ccsc1,0.145271658135808
CC[C@@H]1C[C@H]1C,0.133139
FC1(F)C(F)(F)C(F)(Cl)C1(F)F,0.0781567
CC(C)(c1ccc(O)cc1)c1ccc(O)cc1,0.167462583834767
CC(C1CCCCC1)C1CCCCC1,0.11492
C1CCCCCC1,0.121735
C[Si]1(C)O[Si](C)(C)O[Si](C)(C)O[Si](C)(C)O[Si](C)(C)O1,0.1193
CC1CCS(=O)(=O)C1,0.130982306401617
