SMILES,TARGET
CC1=CC=CCC1,0.135575
CCC1CC=CCC1,0.129944
CCCc1ccccc1C,0.128202824447493
CCc1cccc(CC)c1CC,0.127563740562863
CNC1CCCCC1,0.127672359497617
COC1CCC=CO1,0.128647
Clc1ccc(Cl)c(Cl)c1,0.114698881311617
Ic1ccccc1,0.0978153643896165
SC1CCCCC1,0.132752332203356
C1=CCC=C1,0.142327
C1CCSC1,0.141372952767094
CC1=CCCC1C,0.135665
CCC1CCCO1,0.13125
FC(F)(F)C1(F)C(F)(F)C(F)(F)C(F)(F)C1(F)F,0.0673799040268014
c1ccoc1,0.153957847076233
C1CN1,0.183122
CC1CN1,0.13795653701626
ClCC1CO1,0.141356900029137
FC1(F)C(F)(F)C(F)(F)C1(F)F,0.0728048436966165
CC(C)(c1ccc(O)cc1)c1ccc(O)cc1,0.167462583834767
c1ccc(Cc2ccccc2)cc1,0.135651
Clc1cccc2ccccc12,0.134396410595617
C1CCCCCCC1,0.12464910515832
C=CC1(C)CC(=O)C2(O)C(C)(O1)C(OC(=O)C(C)(C)Br)C(O)C1C(C)(C)CCC(OCc3ccccc3)C12C,0.125616
C[Si]1(C)O[Si](C)(C)O[Si](C)(C)O[Si](C)(C)O[Si](C)(C)O[Si](C)(C)O1,0.113973959509767
O=C1CCCCCO1,0.145822954830014
C1CC12CC2,0.138465
