SMILES,TARGET
CCl,905.372222
Clc1cccc(Cl)c1,919.816667
Clc1ccccc1,910.927778
CCCCO,616.483333
C[N+](=O)[O-],652.038889
COC=O,729.261111
CCCCCCC,495.927778
CCCOC=O,728.15
CCCOCCC,488.15
CCC(C)CC,550.927778
CCCCC(C)C,553.15
CC(C)CCC(C)C,709.816667
CCN,657.038889
CCCCBr,538.15
CC(C)C=O,527.594444
CCCCCCCCCO,549.816667
CCCOC(=O)CC,717.038889
CCCCCCCCCCO,560.927778
CC(=O)CC(C)C,732.038889
CNCCO,623.15
CCCC1CCCC1,542.038889
CC(C)C(C)O,709.816667
CCCCOC(=O)CC,699.816667
C=CC(=O)OCCCC,565.927778
CC1OC(C)OC(C)O1,510.927778
CN1CCCC1=O,619.261111
C=CCCCCCCCCCC,528.15
OCCCO,650.927778
COC(=O)c1ccccc1C(=O)OC,829.261111
CN=C=O,807.038889
Cc1ccc(O)cc1,832.038889
CC(=O)CCC(C)C,464.261111
BrC(Br)C(Br)Br,608.15
C=CCCCCCCCCCCCCCCCC,523.15
Clc1ccc(Cl)cc1,919.816667
Cc1cccc(O)c1C,872.038889
Oc1ccc(O)cc1,788.705556
Nc1ccccc1[N+](=O)[O-],794.261111
CC(=O)Nc1ccccc1,803.15
O=C(O)C=CC(=O)O,1013.15
