SMILES,TARGET
C1CCCCC1,533.15
CC1CCCCC1,558.15
C1=CCCC1,668.15
OC1CCCCC1,573.15
NC1CCCCC1,565.927778
CCC1CCCCC1,535.372222
CCCCC1CCCCC1,519.261111
CC(C)C1CCCCC1,555.927778
CCCC1CCCCC1,520.927778
CC1CCC(C)CC1,577.038889
C1CCC2CCCCC2C1,523.15
Cn1cccc1,863.15
CC1(C)CCCCC1,577.038889
CC1=CC(=O)CC(C)(C)C1,733.15
CC1CCCCC1C,577.038889
C1CC1,770.927778
CC1CCCC(C)C1,579.261111
C=C1CCC2CC1C2(C)C,528.15
CC1CCCCC1O,569.261111
C1CCC(C2CCCCC2)CC1,518.15
c1ccc(-c2ccccc2)cc1,813.15
CC1CCC(O)CC1,570.372222
c1ccc2cc3ccccc3cc2c1,813.15
C1=CC2CCC1C2,778.15
C1CNCCN1,728.15
Nc1ccc(-c2ccccc2)cc1,723.15
