SMILES,TARGET
C1COCCO1,453.15
C1CO1,702.038889
C1CCOC1,594.261111
CC1CO1,738.15
O=Cc1ccco1,588.705556
O=C1CCCCC1,693.15
Cc1cccc2ccccc12,802.038889
OCc1ccco1,664.261111
c1ccc2ncccc2c1,753.15
CCc1cccc2ccccc12,753.15
ClCC1CO1,689.261111
CN1CCCC1=O,619.261111
CCC1CO1,712.038889
OCC1CCCO1,555.372222
C1CCCNCC1,603.15
C1CCC1,699.816667
c1ccc(Oc2ccccc2)cc1,890.927778
CC(c1ccccc1)c1ccccc1,713.15
c1ccc(Cc2ccccc2)cc1,758.15
O=C(OCc1ccccc1)c1ccccc1,753.15
CCCCc1cccc2ccccc12,633.15
c1ccc2ccccc2c1,860.372222
Cc1ccc2ccccc2c1,802.038889
O=C1C=CC(=O)O1,749.816667
C1=CC2C3C=CC(C3)C2C1,783.15
CC(C)c1ccc2c(c1)CCC1C(C)(CN)CCCC21C,494.261111
