SMILES,TARGET
CCl,207.038889
CCCCO,302.038889
COCOC,255.372222
c1ccncc1,293.15
CCCS,253.15
CC#N,278.705556
C=CCl,195.372222
C1CO1,218.15
C=CCC,194.261111
CCCCCCOC(C)=O,332.038889
CCC(C)C(C)(C)C,269.816667
C1CN1,262.038889
COCCO,312.038889
CCCC(C)O,307.594444
CCCCCCCCN,333.15
CCC(C)(C)CC,254.261111
c1ccsc1,272.038889
NC1CCCCC1,304.261111
C1=CCCC=C1,257.038889
CCCCCCCCCO,347.038889
CCCCC(C)CCC,294.816667
CCCCCCCCCCCCO,399.816667
CC(=O)OC(C)(C)C,289.261111
C#CCCC,239.261111
O=C1CCCC1,299.261111
C=C(C)CCC,240.927778
CSSC,279.816667
O=C=S,185.927778
CCC(C)CO,323.15
COCCOCCO,369.261111
CN(C)CCO,315.372222
CC(C)(C)OC(C)(C)C,269.816667
CC(C)COC(=O)C(C)C,310.927778
ClCOCCl,308.15
CC(Br)Br,300.927778
CCC(C)OC,244.261111
C=C(C)C(=C)C,250.927778
CCCCCCCCC(=O)O,400.927778
C=C,137.038889
CC=CC=CC,265.927778
CCCC(C)CO,324.261111
CC(O)CC(C)(C)O,365.927778
CCC(C)CC(C)(C)C,288.15
CCC(C)C(C)(C)CC,288.15
CCC(=O)OC(=O)CC,335.927778
CC(=O)OCCOC(C)=O,360.927778
CC(C)C(C)(C)C(C)C,284.261111
CN=C=O,265.927778
CN1CCCC1,259.261111
CCC=CCCC,265.65
CNC1CCCCC1,302.038889
CCCCOC(=O)CCCC,335.927778
C=CC(=O)OCC(C)C,304.261111
CCC(C)C(C)C(C)C,288.15
CCCCOC(=O)CCCCCCCCC(=O)OCCCC,450.927778
C=CF,147.594444
CC(O)C(=O)O,371.483333
CCCC(C)(CC)CC,288.15
CCCC(=O)OC(=O)CCC,355.372222
c1ccc(C2CCCCC2)cc1,372.038889
CC#CC,224.261111
CCC(C)CC(CC)CC,304.261111
CCCC(C)(C)C(C)CC,304.261111
CCC(CC)CC(C)(C)C,310.927778
CCC(C)C(C)(CC)CC,304.261111
CC(C)CC(C)C(C)(C)C,304.261111
CCCCCCCCCCCCC=O,389.816667
CCC(C)C(C)CC(C)C,304.261111
C#CC=C,209.816667
C=C=C,177.594444
FC(F)=C(F)Br,215.927778
CCCCCCCCC=CCCCCCCCC(=O)OC,449.816667
CC12CCC(CC1=O)C2(C)C,338.705556
CC1(O)CCCCC1,327.038889
CCCCCCCCCCCCCCCCCO,427.594444
O=C1OC(=O)c2ccccc21,424.816667
c1ccc(CCc2ccccc2)cc1,402.038889
c1ccc(-c2ccc(-c3ccccc3)cc2)cc1,480.372222
c1ccc(-c2ccccc2-c2ccccc2)cc1,435.927778
O=C1CCC(=O)O1,424.261111
CCCCOB(OCCCC)OCCCC,365.927778
O=C(O)c1ccc2c(c1)C(=O)OC2=O,529.261111
Cc1ccc2ccc(C)cc2c1,382.038889
C(=C(c1ccccc1)c1ccccc1)c1ccccc1,474.261111
Clc1sc(Cl)c(Cl)c1Cl,389.261111
