SMILES,TARGET
CCCC#N,299.261111
Clc1ccccc1Cl,339.261111
CC(Cl)(Cl)Cl,272.038889
CCCl,223.15
CCCCN,260.927778
CCCCCO,305.927778
CSC,239.261111
C=CCCCC,242.038889
CC(C)CCO,315.927778
CCCC(=O)O,344.816667
C=Cc1ccccc1,305.372222
CCBr,239.816667
C=CC=C,197.038889
CCCC(C)C,238.15
CCOC(=O)CC,285.372222
CCCCC(C)(C)C,269.261111
CCCCc1ccccc1,344.261111
CC(C)CC(C)(C)C,260.927778
CCCOCC,248.15
ClCCCCl,294.261111
CC1CCCC1,245.927778
C1=CCCC1,244.261111
CCCCNCCCC,320.372222
C=CCCCCCC,294.261111
O=Cc1ccco1,333.15
O=C1CCCCC1,317.038889
CCc1ccccc1CC,330.372222
CCc1ccc(CC)cc1,329.816667
CCC(C(C)C)C(C)C,288.15
CCSCC,247.594444
CCOCCO,316.483333
CC(C)C#N,281.483333
Cc1ccccn1,312.038889
OCc1ccco1,338.15
BrCBr,307.038889
CCCCC#N,304.816667
CCC1CCCC1,269.261111
CCCCC(C)O,314.261111
CC(C)(C)Cl,268.15
CCCCCOCCCCC,330.372222
CCCCCCCCCCC,338.15
CCc1cccc2ccccc12,379.816667
CC,138.15
C=COCC,227.594444
CC(C)I,270.927778
CCCC=CCCC,280.927778
CCCC(CC)CC,279.261111
CCC(CC)(CC)CC,294.261111
C=C(C)C(=O)OC,284.261111
C1CCC2CCCCC2C1,330.927778
CCOC(=O)CC(C)C,308.15
COC,232.038889
CCOC,235.927778
NCCNCCN,372.038889
CC(O)CCO,380.927778
CC(C)CC(C)C(C)C,288.15
COC(=O)c1ccccc1C(=O)OC,419.261111
C1COC1,244.816667
CC=CC=CC,265.927778
O=C1CCCO1,371.483333
CCc1ccccc1N,370.372222
CCCOC(=O)CCC,304.261111
O=C=Nc1ccccc1,328.705556
C=COC,217.038889
CCSSCC,312.038889
CN=C=O,265.927778
CC=CC(C)C,238.15
COC(=O)Cl,285.372222
CCCCCCC(=O)O,383.15
c1ccc(COCc2ccccc2)cc1,408.15
C1=Cc2ccccc2C1,328.15
CC(C)(C)CCC(C)(C)C,304.261111
CC(C)(O)C#N,347.038889
CC(C)(C)NC=O,368.15
CCC(C)CC(CC)CC,304.261111
CCCC(C)(C)C(C)CC,304.261111
CCC(C)CCC(C)(C)C,304.261111
CCC(C)C(C)C(C)CC,304.261111
CC(C)CC(C)CC(C)C,304.261111
CCCCc1cccc2ccccc12,400.927778
C=COC=O,254.261111
CCCC(CC)C(C)CC,314.261111
Cc1ccc2ccccc2c1,368.15
FCC(F)(F)F,194.261111
Clc1c(Cl)c(Cl)c(Cl)c(Cl)c1Cl,514.816667
CCCCCC=CCC=CCCCCCCCC(=O)O,467.038889
C1OCOCO1,318.15
CCCCCCCCCCCCCC(=O)O,444.816667
CC(N)=O,399.261111
Nc1ccc(Cl)c(Cl)c1,439.261111
COc1cc(C=O)ccc1O,432.038889
C=C1C2CCC(C2)C1(C)C,309.261111
CCCCOB(OCCCC)OCCCC,365.927778
CCCCCCCCCCCCCCCCCCC(=O)O,485.927778
CCCCS(=O)(=O)CCCC,415.927778
CC(C)C1=CC2=CCC3C(C)(C(=O)O)CCCC3(C)C2CC1,497.038889
O=C(O)c1cc(C(=O)O)c(C(=O)O)cc1C(=O)O,598.15
O=P(Oc1ccccc1)(Oc1ccccc1)Oc1ccccc1,493.15
