SMILES,TARGET
C1COCCO1,285.372222
C1CCCCC1,253.15
CC1CCCCC1,269.261111
C1CN1,262.038889
c1ccc2c(c1)CCC2,323.15
OC1CCCCC1,340.927778
NC1CCCCC1,304.261111
CCC1CCCCC1,308.15
CCCCC1CCCCC1,320.927778
CC(C)C1CCCCC1,308.15
C1CCNCC1,275.927778
c1cc[nH]c1,312.038889
CCCC1CCCCC1,304.261111
CC1CCC(C)CC1,287.038889
c1ccc2ncccc2c1,374.261111
c1ccc2c(c1)CCCC2,344.261111
Cn1cccc1,288.15
CC1(C)CCCCC1,275.927778
CC1=CC(=O)CC(C)(C)C1,357.038889
C1CCCNCC1,310.372222
CC1CCCCC1C,292.316667
C1COC1,244.816667
O=C1CCCCCO1,382.038889
CC1CCCC(C)C1,284.538889
c1ccc(Oc2ccccc2)cc1,388.15
CC1CN1,263.15
CC1CCCCC1O,327.038889
CNC1CCCCC1,302.038889
CCCCCCCCCCC1CCCCC1,404.261111
C[Si]1(C)O[Si](C)(C)O[Si](C)(C)O[Si](C)(C)O1,330.372222
Cc1ccc2ccccc2n1,352.594444
c1ccc(C2CCCCC2)cc1,372.038889
NCCN1CCNCC1,365.927778
c1ccc2cnccc2c1,380.372222
C1CCC(NC2CCCCC2)CC1,377.038889
CC1CCC(O)CC1,342.038889
O=C=NC1CCCCC1,322.038889
c1cc2c3c(cccc3c1)CC2,393.15
c1ccc2c(c1)ccc1ccccc12,444.261111
O=C1OCCO1,424.816667
CC1CCCC(O)C1,336.483333
CC1=CCC(=C(C)C)CC1,310.927778
c1ccc2c(c1)-c1cccc3cccc-2c13,457.038889
O=C1CCCCCN1,398.15
CC1(O)CCCCC1,327.038889
O=C1OC(=O)c2ccccc21,424.816667
c1ccc(-c2ccc(-c3ccccc3)cc2)cc1,480.372222
C1CNCCN1,354.261111
Oc1cccc2cccnc12,404.261111
O=C1c2ccccc2C(=O)c2ccccc21,458.15
O=C1CCC(=O)O1,424.261111
O=C(O)c1ccc2c(c1)C(=O)OC2=O,529.261111
c1ccc(-c2cccc(-c3ccccc3)c2)cc1,463.705556
c1ccc(-c2cccc3ccccc23)cc1,434.816667
CC(C)(OOC(C)(C)c1ccccc1)c1ccccc1,400.372222
Nc1ccc(N=Nc2ccccc2)cc1,465.927778
O=C(O)C1CCC(C(=O)O)CC1,527.038889
c1ccc(P(c2ccccc2)c2ccccc2)cc1,454.261111
