SMILES,TARGET
C1=CCCCC1,266.483333
C1CN1,262.038889
C1CCOC1,258.705556
C1=CCCC1,244.261111
Cc1cccc2ccccc12,369.816667
C1CCCCCC1,279.816667
C1=CCCC=C1,257.038889
O=C1CCCC1,299.261111
CC1OC(C)OC(C)O1,308.705556
Clc1cccc2ccccc12,394.261111
CCc1cccc2ccccc12,379.816667
C1CCC2CCCCC2C1,330.927778
C1CCCNCC1,310.372222
C1COC1,244.816667
O=C1CCO1,347.038889
C=CC1=CCCCC1,289.261111
C=C1CCC2CC1C2(C)C,312.594444
CC(c1ccccc1)c1ccccc1,402.038889
CC1CN1,263.15
OCC1CCCO1,357.038889
C1=CCCC=CCC1,308.15
C=C(C)C1CC=C(C)CC1,318.15
CC1=CC=C(C(C)C)CC1,319.261111
c1ccc(Cc2ccccc2)cc1,403.15
C1=CCOC1,257.038889
CC1=CCC(C(C)C)C=C1,319.816667
C1CCC(C2CCCCC2)CC1,347.038889
Brc1cccc2ccccc12,402.038889
CCCCc1cccc2ccccc12,400.927778
c1ccc(-c2ccccc2)cc1,385.927778
O=C(OCc1ccccc1)c1ccccc1,428.15
c1ccc2ccccc2c1,353.15
Cc1ccc2ccccc2c1,368.15
C(=Cc1ccccc1)c1ccccc1,406.483333
c1ccc2cc3ccccc3cc2c1,394.261111
CCCCCCCCCc1cccc2ccccc12,449.261111
Cc1cc2ccccc2o1,340.927778
C1OCOCO1,318.15
O=C1C=CC(=O)O1,375.372222
c1ccc2c(c1)oc1ccccc12,384.816667
C1=CCC1,202.594444
CC12CCC(CC1=O)C2(C)C,338.705556
c1ccc(CCc2ccccc2)cc1,402.038889
ON=C1CCCCC1,362.038889
Cc1ccc2cc(C)ccc2c1,382.038889
c1ccc(-c2ccccc2-c2ccccc2)cc1,435.927778
CC(C)(c1ccc(O)cc1)c1ccc(O)cc1,485.927778
c1ccc(NNc2ccccc2)cc1,424.816667
C[Si]1(C)O[Si](C)(C)O[Si](C)(C)O1,308.15
Cc1ccc2ccc(C)cc2c1,382.038889
Nc1ccc(-c2ccccc2)cc1,419.816667
O=C1CCCC(=O)O1,385.927778
c1ccc(C(=C(c2ccccc2)c2ccccc2)c2ccccc2)cc1,538.15
CC(C)(c1ccccc1)c1ccc(O)cc1,433.15
CC(C)(c1ccccc1)C(C)(C)c1ccccc1,412.038889
C(=C(c1ccccc1)c1ccccc1)c1ccccc1,474.261111
O=C=Nc1ccc(Cc2ccc(N=C=O)cc2)cc1,474.261111
CC(C)c1ccc2c(c1)CCC1C(C)(CN)CCCC21C,464.261111
