SMILES,TARGET
CCCC(C)C,238.15
C=CBr,222.038889
C=COCC,227.594444
O=C(O)c1ccccc1O,430.372222
CCOC=O,269.261111
O=C1OC(C(O)CO)C(O)=C1O,549.261111
O=C=Nc1ccc(Cl)c(Cl)c1,415.372222
O=Cc1ccc(O)cc1,444.816667
OCCCCCCO,372.038889
ClC(Cl)c1ccccc1,350.927778
CC(C)NC(C)C,265.927778
CC(C)(C)NC=O,368.15
CCC(C(C)C)C(C)(C)C,304.261111
CCCCOC(=O)c1ccccc1C(=O)OCCCC,430.372222
CC(C)CCCCO,339.261111
CCC(C)(C)C,225.372222
C=C,137.038889
CCCCc1cccc2ccccc12,400.927778
Cc1ccncc1,330.372222
CCC(C)=O,267.038889
NNc1ccccc1,362.038889
COCCOCCO,369.261111
CCOCCOC(C)=O,327.594444
CC1(O)CCCCC1,327.038889
CCCCCCCCCc1cccc2ccccc12,449.261111
O=C1CCO1,347.038889
COCCOC,271.483333
CCC(C)C(C)CC(C)C,304.261111
CC1=C(C)C(C)c2ccccc21,359.261111
O=C1C=CC(=O)O1,375.372222
C=Cc1ccc(C)cc1,319.261111
CCCC(=O)OCC,298.705556
c1cc2ccc3cccc4ccc(c1)c2c34,472.038889
CCc1cccc(C)c1C,338.15
CCC(C)C(C)(C)CC,288.15
CCC(C)(CC)C(C)(C)C,304.261111
Cc1ccccc1Cl,324.261111
Cc1ccccn1,312.038889
C=C1C=CC(C(C)C)CC1,322.038889
CCOC(=O)CC,285.372222
CN(C)c1ccccc1,335.927778
Cc1ccccc1,277.594444
CC(C)CC(C)C,260.927778
C1CCSC1,291.483333
ClCCCCCCl,335.927778
FC(F)=C(F)F,164.816667
c1ccc2c(c1)CCC2,323.15
Cc1ccc2ccccc2c1,368.15
OCCNCCO,424.816667
Brc1cccc(Br)c1,365.927778
CCC(C)CC(CC)CC,304.261111
CCCC(C)CCC(C)C,314.261111
FC(F)(F)c1ccc(Cl)cc1,315.927778
Cc1ccccc1[N+](=O)[O-],379.261111
CC#CCCC,262.038889
CCOC(=O)Cl,275.372222
CC1CCCC(C)C1,284.538889
C1=CCC=C1,227.038889
Nc1ccccc1N,429.261111
CCCC(C)(C)C(C)C,288.15
CN(C)CCO,315.372222
CCCC(CC)C(C)(C)C,310.927778
C=CC(C)(C)C,244.816667
O=C(OCc1ccccc1)c1ccccc1,428.15
CCCC(C)O,307.594444
CCC(C)C(C)(CC)CC,304.261111
c1ccc2ncccc2c1,374.261111
CCC=O,243.15
Clc1sc(Cl)c(Cl)c1Cl,389.261111
C=CC,165.372222
CC(c1ccccc1)c1ccccc1,402.038889
CCOCc1ccccc1,332.038889
c1ccoc1,237.594444
c1ccccc1,262.038889
CC1CCC(O)CC1,342.038889
CCC1CO1,258.15
CCC(CC)C(C)(C)C,285.927778
C1CO1,218.15
CC(C)(C)CCC(C)(C)C,304.261111
CCC(C)C(C)(C)C,269.816667
CC(C)C#N,281.483333
CC1=CC=CC1,322.038889
C=CC(C)C,210.927778
