SMILES,TARGET
N#CCCCCC#N,823.15
CCOC(=O)CC(C)=O,568.15
Oc1ccccc1O,839.816667
[C-]#[O+],882.038889
C1CCC(C2CCCCC2)CC1,518.15
CCCOC(C)=O,723.15
CCC=CCC,552.038889
O=[N+]([O-])OCC(CO[N+](=O)[O-])O[N+](=O)[O-],543.15
CC(F)(F)Cl,904.816667
CC(C)c1ccccc1,697.038889
C=CC(=O)O,710.927778
CCCC(C)(C)CC,709.816667
c1ccc(CCc2ccccc2)cc1,753.15
CC(O)CO,694.261111
Clc1ccccc1Cl,920.927778
COC(=O)CC(C)=O,553.15
CC1CCCC(C)C1,579.261111
ClCCCl,685.927778
CCC(C)O,679.261111
O=C(O)COCC(=O)O,503.15
c1ccc2cc3ccccc3cc2c1,813.15
CC(C)CO,699.816667
CC(C)C=O,527.594444
CC1CCC(O)CC1,570.372222
C=CCCC,545.927778
CC#N,797.038889
OCCCO,650.927778
CCC(C)=O,788.705556
CC(Cl)Cl,730.927778
CCOC,463.15
COC(C)=O,774.816667
CCC(CC)C(C)(C)CC,484.816667
CCc1ccccc1,705.372222
CC(C)Cl,866.483333
FC(F)=C(F)F,473.15
C1CN1,593.15
C=C(C)C=O,507.038889
CSC,479.261111
Cc1ccc(C)cc1,802.038889
Cc1cc(C)c(C)c(C)c1,700.372222
