SMILES,TARGET
C=CCCCC,525.927778
CC1CCCCC1,558.15
CC(C)C,733.15
CCCCCC(=O)O,653.15
O=C1C=CC(=O)O1,749.816667
CCC(C)C(C)(C)C,703.15
CC(=O)CCC(C)C,464.261111
CCC(C)C(C)C,610.372222
Cc1cccc(C)c1C,743.15
Cc1cccnc1,809.816667
CCCO,644.261111
C=CC#N,754.261111
Cc1cccc2ccccc12,802.038889
CCBr,784.261111
CCCOCCC,488.15
O=C1CCCCCO1,610.927778
CCOCCOCCOCC,489.261111
COC(=O)Cl,777.038889
CCCCCCCCCCCCCCCCCC,508.15
Nc1cccc([N+](=O)[O-])c1,849.816667
CCCCC=O,495.372222
O=C(O)C(O)C(O)C(=O)O,700.927778
CC(O)CN,647.038889
CCCC#N,774.816667
CCC(C)CC(C)C,709.816667
CCNCC,585.372222
CNCCO,623.15
CC(O)CO,694.261111
CC(C)CN,650.927778
CCCCCOC(C)=O,629.816667
CC(O)CCO,667.038889
CCCCC(C)C,553.15
CCC(C)(C)C(C)C,703.15
C=C(C)CC(C)(C)C,693.15
C1CCOC1,594.261111
CC(=O)CC(C)(C)O,876.483333
C1CC1,770.927778
CCCCCCCCCCC,474.816667
CCC(C)N,650.927778
C=CCCCCCC,503.15
