SMILES,TARGET
CC(C)CC(=O)O,689.261111
C=CCCC,545.927778
O=C(O)c1ccccc1O,818.15
C#C,578.15
C=CCCCCCCCCCCCCCC,513.15
CCC(=O)CC,725.372222
CC(C)OC(C)C,716.483333
CCCCCCCCCCCC,477.038889
OCCOCCO,502.038889
C=Cc1ccccc1,763.15
COC,623.15
CCCC(=O)OCC,735.927778
C=CCCCCCCCCCCCCCCCCCC,509.816667
CCBr,784.261111
Clc1ccccc1,910.927778
C=C(C)CC(C)(C)C,693.15
C1CC1,770.927778
CCCCCCCCCCCCCCCCC,474.816667
Cc1ccc2ccccc2c1,802.038889
C1=CC2C3C=CC(C3)C2C1,783.15
CCCCCCCCCCCC(=O)O,649.816667
CCc1cccc2ccccc12,753.15
CC(Cl)CCl,830.372222
c1ccc(Oc2ccccc2)cc1,890.927778
NCCN,658.15
CC(C)C(C)O,709.816667
CCOCCO,508.15
Cc1ccncc1,809.816667
CCCOC=O,728.15
CCC(C)(C)C(C)C,703.15
CCCCC,533.15
CCCNCCC,572.038889
CCCCc1ccccc1,685.372222
CCCl,792.038889
C=CC(=O)OCC(CC)CCCC,530.927778
CO,737.038889
CC(C)C(C)(C)C,723.15
CCCCCCCCCC(=O)O,649.816667
Cc1cccc(C)c1,800.927778
ClCc1ccccc1,858.15
