SMILES,TARGET
Nc1ccccc1,890.372222
C=Cc1ccccc1,763.15
CCOC(=O)Cl,773.15
Cc1cccc(C)c1C,743.15
CCCCC(C)CCC,493.15
C1CC1,770.927778
CN,703.15
CS(C)=O,488.15
CCC1CCCCC1,535.372222
Oc1ccccc1,988.15
CC(C(C)(C)C)C(C)(C)C,484.816667
CC(=O)CC(C)(C)O,876.483333
C=COC=C,633.15
CCCCBr,538.15
CCC(C)CC,550.927778
CC(C)(C)O,750.927778
C#N,810.927778
C1CO1,702.038889
Nc1ccc(Cl)c(Cl)c1,538.15
CCCCCCC,495.927778
C=CC(=O)OCC,655.927778
CCS,572.038889
O=C(O)COCC(=O)O,503.15
Cc1cccc(O)c1C,872.038889
C[Si](C)(C)O[Si](C)(C)C,614.261111
NNc1ccccc1,447.038889
CC(C)(C)c1ccccc1,723.15
CCCNCCC,572.038889
CO,737.038889
Cc1ccccc1OP(=O)(Oc1ccccc1C)Oc1ccccc1C,658.15
O=C(O)C(O)C(O)C(=O)O,700.927778
CCCC(=O)OC(=O)CCC,552.594444
Oc1cccc(O)c1,839.816667
CC(C)Cc1ccccc1,700.927778
CCCBr,763.15
CC1(C)CCCCC1,577.038889
c1ccc(CCc2ccccc2)cc1,753.15
Cc1ccccc1O,872.038889
CC(Cl)(Cl)Cl,810.372222
CCC(C)OC(C)=O,694.816667
