SMILES,TARGET
C1CCCC1,634.261111
CC1CCCC1,602.038889
CCC1CCCC1,533.15
CCCC1CCCC1,542.038889
C1CO1,702.038889
CC1CO1,738.15
ClCC1CO1,689.261111
CCC1CO1,712.038889
C1=CCC=C1,913.15
CC1=CC=CC1,719.261111
C1COCCO1,453.15
C1=CCCC1,668.15
Cn1cccc1,863.15
CC1=CCC2CC1C2(C)C,528.15
C1CC1,770.927778
c1ccc(Oc2ccccc2)cc1,890.927778
c1ccc(Nc2ccccc2)cc1,907.038889
CC12CCC(CC1=O)C2(C)C,739.261111
CC(C)c1ccc2c(c1)CCC1C(C)(CN)CCCC21C,494.261111
CO,737.038889
CCCC#N,774.816667
CCO,695.927778
ClCCCl,685.927778
CCC(C)=O,788.705556
CC(Cl)(Cl)Cl,810.372222
CCCC,689.261111
CCCCC,533.15
CCCCCC,507.038889
C[N+](=O)[O-],652.038889
CCNCC,585.372222
C=CC#N,754.261111
C=CCCCC,525.927778
CC(C)CO,699.816667
CCCCOCCCC,467.594444
C=CC(=C)C,493.15
CC[N+](=O)[O-],633.15
CC#N,797.038889
CC(C)N,675.372222
CC(C)CN,650.927778
CCCCCCCC,493.15
CC(C)(C)C,723.15
CCCCCC(C)C,519.816667
CCCC(=O)OCC,735.927778
CCCCCOC(C)=O,629.816667
CC(C)CC(C)(C)C,690.927778
CCC[N+](=O)[O-],694.261111
O=CO,874.261111
C=CC=O,507.038889
CCCNCCC,572.038889
C=CCCCCCC,503.15
CCCCC(C)CC,512.038889
ClCC(Cl)CCl,577.038889
CC(C)C(C)(C)C,723.15
OCCO,673.15
CS(C)=O,488.15
C=CC(=O)O,710.927778
CCCCCCCCCO,549.816667
CCCOC(=O)CC,717.038889
CC(=O)CC(C)C,732.038889
CC(=O)C=C(C)C,617.594444
CCC(C)(C)C(C)(C)C,703.15
C#CCO,388.15
C=C(C)C,738.15
C=CC(=O)OC,740.927778
CC(O)C(C)O,675.372222
CCCCCCCCCCC,474.816667
CCCCCCCCCCCC,477.038889
C=C(C)CC(C)(C)C,693.15
CC(O)CO,694.261111
CCC(C)CO,658.15
CC(=O)Cl,663.15
CCOC(=O)Cl,773.15
CCCCCCC(C)C,493.15
C=CCCCCCCCCCC,528.15
C=CCCCCCCCCCCC,509.816667
C[Si](C)(C)O[Si](C)(C)C,614.261111
CC=CCC,559.538889
OCCOCCO,502.038889
CC(O)CCO,667.038889
CC(C)NC(C)C,588.705556
COCCOCCOCCOC,464.261111
CC(C)COC(=O)C(C)C,705.372222
N#CCCO,767.594444
NCCNCCNCCN,610.927778
CCOCCC(=O)OCC,650.372222
COC(=O)CC(C)=O,553.15
CC(=O)OCC(COC(C)=O)OC(C)=O,705.927778
CCC(Cl)Cl,829.816667
CCCCCCC(=O)O,649.816667
CCOC(=O)CC(C)=O,568.15
BrC(Br)C(Br)Br,608.15
C=CCCCCCCCCCCCCCCCC,523.15
NCCNCCO,640.927778
C#C,578.15
CCCCCCCCC=CCCCCCCCC(=O)O,635.927778
CCOS(=O)(=O)OCC,709.261111
CC(O)CNCC(C)O,647.038889
C[SiH](C)C,593.15
CC(C)(CO)CO,672.038889
