SMILES,TARGET
CC1CCCCC1O,569.261111
ClCC1CO1,689.261111
C1=CC2CCC1C2,778.15
C#N,810.927778
O=C(O)C=CC(=O)O,1013.15
C1CN1,593.15
CC(=O)CC(C)=O,613.15
CN1CCCC1=O,619.261111
CCc1cccc(CC)c1,723.15
C=CCCCCCCCCCC,528.15
NC1CCCCC1,565.927778
CCCCCCCCCCCCCCCC(=O)O,649.816667
N#CCCCCC#N,823.15
C1COCCN1,583.15
C1CCCNCC1,603.15
OCCOCCOCCO,644.261111
C=CCCCC,525.927778
CC(=O)Cl,663.15
CC=CCCC,522.038889
Oc1ccc(O)cc1,788.705556
CC(C)CCO,623.15
BrC(Br)C(Br)Br,608.15
C=C(C)CC,638.15
CC(C)COC=O,593.15
CCOCC,453.15
CCOCCOCCOC(C)=O,633.15
CCCCCCC(=O)O,649.816667
CCBr,784.261111
C1CCOC1,594.261111
CCCC(C)=O,725.372222
CCCCCCCCC,479.261111
C=C(Cl)Cl,843.15
Nc1ccc(-c2ccccc2)cc1,723.15
CS(C)=O,488.15
C=CCO,651.483333
CCC(C)CO,658.15
CCCC#N,774.816667
CC(=O)N(C)C,627.038889
c1ccc2c(c1)CCCC2,657.038889
CCCCl,793.15
