SMILES,TARGET
CCOC(C)=O,269.261111
C1CCCC1,234.261111
CC(Cl)Cl,260.927778
CC(Cl)(Cl)Cl,272.038889
CN,215.372222
CCC=O,243.15
CC(=O)O,315.927778
CCCOC=O,270.372222
CCCOCCC,294.261111
CCC(=O)O,328.15
CC(=O)OCC(C)C,290.927778
ClC(Cl)=C(Cl)Cl,318.15
CCC(C)O,297.038889
Nc1ccccc1,343.15
CCC(=O)OC,270.927778
CC(C)C(C)C,244.261111
Oc1ccccc1Cl,337.038889
Cc1cc(C)cc(C)c1,317.594444
C=CCO,294.261111
OCc1ccccc1,365.927778
CC(=O)C(C)C,273.15
CCc1ccccc1CC,330.372222
ClC(Cl)C(Cl)Cl,334.816667
c1ccsc1,272.038889
CC(C)C=O,265.927778
CC(=O)CC(C)C,288.705556
CCCCCCC(C)=O,344.261111
CC(C)CCC(C)(C)C,285.927778
CNCCO,345.372222
C#CCO,309.261111
C#CCCCC,252.038889
CCC1CCCC1,269.261111
N#Cc1ccccc1,348.15
CCCCCC(C)CC,297.038889
c1ccc2c(c1)CCCC2,344.261111
OCCCO,394.816667
CCCCCCS,293.15
CC(C)Cl,240.927778
CCC=CCC,252.872222
C=CC(=O)OCC,288.705556
CCCCCC(C)CCC,311.483333
CCCCN(CCCC)CCCC,359.261111
CCC1CO1,258.15
NCCNCCNCCNCCN,435.927778
CCc1c(C)cccc1C,330.927778
C=C(C)c1ccccc1,327.038889
CC(C)CCOC(=O)CC(C)C,330.927778
N#CCCO,402.594444
C#CC(C)C,220.927778
C=CCC(C)CC,258.15
O=C1CCCCCO1,382.038889
C=CC1=CCCCC1,289.261111
CCC(C)(C)CC(C)C,288.15
CN=C=O,265.927778
CC=CC(C)C,238.15
COC(=O)Cl,285.372222
C1=CCC=C1,227.038889
CC=CC=O,285.927778
CCCC(CC)CCC,288.15
CCCCCCCCCCCS,382.038889
CCCC(C)CCC(C)C,314.261111
CC1=CCC(C(C)C)C=C1,319.816667
CC(C)(C)NC=O,368.15
CCCC(C)(CC)CCC,310.927778
CCC(C)(CC)CC(C)C,310.927778
COc1ccccc1[N+](=O)[O-],379.261111
ClCC=CCCl,326.205556
CCCCN=C=O,290.927778
COC(=O)C=CC(=O)OC,385.927778
CC(C)CCCCO,339.261111
CCC(C)C(=O)O,348.15
CCc1ccc(CC)c(CC)c1,348.705556
CCCCCC=CCC=CCCCCCCCC(=O)O,467.038889
CCCCCCCCCOCCCCCCCCC,429.816667
CCCCOC(=O)C=CC(=O)OCCCC,413.15
CCc1ccc(O)cc1,377.038889
CCCCCCCCCc1ccccc1O,410.927778
c1ccc(CCc2ccccc2)cc1,402.038889
O=C1c2ccccc2C(=O)c2ccccc21,458.15
OCC(O)C(O)C(O)C(O)CO,658.15
c1ccc(Nc2ccc(Nc3ccccc3)cc2)cc1,505.372222
CC1C=Cc2ccccc21,338.15
CC(=CC(=O)O)C(=O)O,493.15
