SMILES,TARGET
c1ccccc1,262.038889
CCOC(C)=O,269.261111
CC=O,235.372222
ClCC(Cl)Cl,304.816667
C[N+](=O)[O-],308.15
CCC(C)CC,240.927778
C=CC=C,197.038889
CC1CCCCC1,269.261111
CCCCCOC(C)=O,298.15
COCCO,312.038889
CCCCBr,290.927778
CCCCC=O,285.372222
CCc1ccccc1CC,330.372222
ClC(Cl)C(Cl)Cl,334.816667
CCC(C)S,250.372222
CCCCOC=O,290.927778
Cc1ccccn1,312.038889
CCC(C)C(C)CC,277.038889
CCCCCCCCCCCCCC,373.15
c1ccoc1,237.594444
CCCCCC=O,299.816667
CCCCC(C)O,314.261111
CC(C)(C)S,247.038889
CC(=O)c1ccccc1,355.372222
CC(=O)OC(C)(C)C,289.261111
CCCCCCCCCCCCCCC,388.15
CCOC(=O)c1ccccc1,360.927778
CCCI,280.927778
CCCCCS,290.927778
CCC(C)Br,294.261111
C=C(CC)CC,243.15
CCOC(=O)Cl,275.372222
CCCCCCCCC=O,339.816667
OCCc1ccccc1,369.261111
Cc1cc(C)nc(C)c1,330.372222
C[Si](C)(C)O[Si](C)(C)C,270.927778
CCCCCCCC(C)C,314.261111
CCc1c(C)cccc1C,330.927778
CCCC(C)CC(C)C,288.15
CCC(C)CC(C)(C)C,288.15
COC(=O)c1ccccc1O,369.261111
CC#CCC,243.15
CC#CCCC,262.038889
C=CC(C)CCC,267.038889
CCCCCCCCCCCCS,400.927778
CC(C)CCCCC(C)C,314.261111
C=C(C)Cl,269.261111
CC1=CC=CC1,322.038889
C=C(CC)CCC,263.15
CCCCC(CC)CCC,314.261111
CCCCCC(C)(C)CC,314.261111
BrC(Br)C(Br)Br,414.816667
O=C(Cl)c1ccccc1,345.372222
CC(C)(C)CCC(C)(C)C,304.261111
ClC(Cl)(Cl)c1ccccc1,352.038889
C=CF,147.594444
NCCN1CCNCC1,365.927778
CCCCC(C)C(C)(C)C,304.261111
CCCC(C)(C)C(C)CC,304.261111
CCC(C)(CC)C(C)(C)C,304.261111
C=C1C=CC(C(C)C)CC1,322.038889
Cc1ccc2ccccc2c1,368.15
c1ccc2cc3ccccc3cc2c1,394.261111
Cc1cccc(C)c1O,358.705556
CCCCCCCCCCCCCCO,414.261111
COc1ccccc1O,354.816667
CC(N)=O,399.261111
N#CC=CCCC#N,382.038889
Nc1ccc(Cl)cc1,385.927778
O=[N+]([O-])c1cccc(Cl)c1,400.372222
O=C(O)c1ccccc1Cl,434.261111
OCC#CCO,424.816667
Nc1cccc(N)c1,410.927778
C=CCCCCCCCCCCCCCCCCCC,439.261111
NCCCCCCN,366.483333
C=C1C2CCC(C2)C1(C)C,309.261111
c1ccc(-c2cccc3ccccc23)cc1,434.816667
O=C(O)COCC(=O)O,499.816667
CC(C)(c1ccccc1)C(C)(C)c1ccccc1,412.038889
NCCCCC(N)C(=O)O,484.261111
O=C=Nc1ccc(Cl)c(Cl)c1,415.372222
O=C(O)C(O)C(O)C(=O)O,483.15
CCc1cccc(O)c1,298.15
