SMILES,TARGET
COC(C)=O,263.15
c1ccccc1,262.038889
CCCO,288.15
Cc1ccccc1C,290.372222
CCCC(C)=O,280.372222
CCC(C)CC,240.927778
CCBr,239.816667
C1CCOC1,258.705556
COc1ccccc1,325.372222
Cc1cccc([N+](=O)[O-])c1,374.816667
OCCO,384.261111
COCCO,312.038889
CCCCCC(C)=O,312.038889
CCc1ccc(C)cc1,315.372222
OCCCl,313.705556
CCC(C)S,250.372222
CC(C)C=O,265.927778
CCCCCCCCCCO,355.372222
CCCCCCCCCCCCC,352.038889
C=CCCl,240.927778
CC(C)CS,264.261111
c1ccoc1,237.594444
CCCCCCCS,319.261111
CCCCCCCCCCCC,347.038889
O=CC(Cl)(Cl)Cl,305.927778
C=Cc1ccc(C)cc1,319.261111
C1CCC2CCCCC2C1,330.927778
FC(F)(F)c1ccccc1,285.372222
CC,138.15
NCCNCCN,372.038889
CCC(C)Br,294.261111
CC=C(C)CC,244.816667
CCCCCCCCS,340.927778
COC(=O)CCl,324.816667
C=CCCCCCCCCCC,322.038889
CCc1ccc(C)cc1C,329.816667
CC(C)NC(C)C,265.927778
CCC1(C)CCCC1,279.261111
O=C1CCCCCO1,382.038889
CCOCCC(=O)OCC,330.927778
ClC(Cl)c1ccccc1,350.927778
CC(C)c1cccc(C(C)C)c1,349.816667
FCF,184.261111
CCC=CCCCC,282.038889
C=Cc1ccccc1C,320.372222
CC(=O)CCC(C)C,309.261111
C[Si]1(C)O[Si](C)(C)O[Si](C)(C)O[Si](C)(C)O1,330.372222
C1=CCOC1,257.038889
OC1=NCCC1,413.705556
CCCC(CC)CCC,288.15
CCCC(CC)C(C)C,288.15
CCCCC(C)CC(C)C,314.261111
CCCCCC(C)C(C)C,314.261111
CCC(CC)C(C)(C)CC,310.927778
CCCC(C)(C)C(C)(C)C,304.261111
C=CCCCCCCCCCCCCCCCC,419.261111
FC(F)(F)c1ccc(Cl)cc1,315.927778
CCC(C)CC(CC)CC,304.261111
CCCC(CC)(CC)CC,310.927778
CC(C)CC(C)CC(C)C,304.261111
CC(C)CC(C)C(C)(C)C,304.261111
c1ccc2ccccc2c1,353.15
c1ccc2cc3ccccc3cc2c1,394.261111
Oc1cccc(Cl)c1,363.15
Cc1cc2ccccc2o1,340.927778
O=[N+]([O-])c1cccc(C(F)(F)F)c1,360.927778
CC(N)=O,399.261111
Oc1ccccc1O,399.816667
CC1CCCC(O)C1,336.483333
CC12CCC(CC1=O)C2(C)C,338.705556
CCCCCCCCCCCCN,384.261111
Cc1ccc([N+](=O)[O-])cc1[N+](=O)[O-],480.372222
Nc1cccc(N)c1,410.927778
C=CCCCCCCCCCCCCCCCCCC,439.261111
NCCCCCCN,366.483333
C=C(CC(=O)O)C(=O)O,488.15
Nc1ccc(-c2ccccc2)cc1,419.816667
O=C(O)COCC(=O)O,499.816667
CC(C)(c1ccccc1)C(C)(C)c1ccccc1,412.038889
NCCCCC(N)C(=O)O,484.261111
O=C=Nc1ccc(Cl)c(Cl)c1,415.372222
O=C(O)C(O)C(O)C(=O)O,483.15
CCc1cccc(O)c1,298.15
