SMILES,TARGET
CCBr,239.816667
CCC(C)(C)CC(C)C,288.15
OCC1CCCO1,357.038889
CCCCCCCCCCCc1ccccc1,418.15
Cc1ccc(Cl)cc1,324.816667
CCc1ccc(CC)c(CC)c1CC,367.594444
C=C(C)CCCC,267.038889
CC(O)CN,347.038889
C1=CCC1,202.594444
CC(C)=CC(C)(C)C,255.927778
CCCCCCCCCCCCCC,373.15
CCCCC(C)=O,298.15
CCCCOC(C)=O,294.816667
c1ccsc1,272.038889
C=CCC=C,218.15
ON=C1CCCCC1,362.038889
C=CCN,244.261111
C=Cc1ccccc1C,320.372222
O=C1CCCO1,371.483333
CS,219.816667
NCCN,307.038889
C=CC(=C)C,219.261111
C[Si](C)(C)O[Si](C)(C)C,270.927778
CCOP(=O)(OCC)OCC,372.038889
CCCCCC=O,299.816667
CCCC(C)CC(C)C,288.15
CCCCCCCCC,304.261111
N#CCC#N,385.372222
C=C(C)c1ccccc1,327.038889
O=C(O)C(O)C(O)C(=O)O,483.15
CCCCCCC(C)CC,314.261111
CC(Br)Br,300.927778
Oc1ccc(Cl)cc1,389.261111
CCC(C)(C)CCC(C)C,304.261111
CN(C)c1ccc(C=O)cc1,420.372222
N#CCCO,402.594444
CC(C)c1ccc(C(C)C)cc1,354.261111
FC(F)(F)c1ccccc1,285.372222
CCc1ccccc1,288.15
CC(C)I,270.927778
C1CCC(C2CCCCC2)CC1,347.038889
CCC(CC)C(C)C(C)C,310.927778
OCCCCO,407.038889
OCC=CCO,405.372222
C=CC(=O)O,323.705556
N#CC=CCCC#N,382.038889
c1ccc(COCc2ccccc2)cc1,408.15
CCCC(CC)CC,279.261111
O=C(O)c1ccc2c(c1)C(=O)OC2=O,529.261111
CCCCCCCCCCCCO,399.816667
CCCCC#N,304.816667
C=CCCCCCCCCCCCCCCCCC,429.816667
C1CCSC1,291.483333
CCC(CC)CC,260.927778
Brc1ccccc1,324.261111
O=C1CCC(=O)O1,424.261111
CC(C)(C)c1ccc(O)c(O)c1,403.15
CC(C)CCCC(C)(C)C,304.261111
Cc1cccc(O)c1C,365.927778
c1ccc(Oc2ccccc2)cc1,388.15
CC(C)CC(=O)O,348.15
Cc1ccc(C=O)cc1,354.261111
CC1=CC=C(C(C)C)CC1,319.261111
C=CCC(C)C,234.261111
COC(C)C,225.927778
CCCC(CCC)C(C)C,314.261111
NCCCCC(N)C(=O)O,484.261111
CC(C)(O)C#N,347.038889
O=C(O)CCCC(=O)O,482.038889
C=CCCCCCCCCCCCC,383.15
C=COCCCC,272.038889
COc1ccccc1,325.372222
Clc1ccccc1,305.372222
C[SiH](Cl)Cl,240.927778
C=C(C)C(=O)O,350.372222
CCCCCCCCCCCO,366.483333
CCCCCCCCCCCCC=O,389.816667
C=C=C,177.594444
C[Si](C)(C)C,245.927778
C=CCCCCCCC,299.816667
c1ccc(P(c2ccccc2)c2ccccc2)cc1,454.261111
Oc1ccccc1Cl,337.038889
CCCCCCCCCC=O,358.15
