SMILES,TARGET
Cc1ccc2ccccc2c1,368.15
C=C(C)Cl,269.261111
C=COCCCC,272.038889
O=C(O)c1ccccc1O,430.372222
CC=CC(C)C,238.15
CC=CC,199.816667
O=C=Nc1ccc(Cl)c(Cl)c1,415.372222
O=Cc1ccc(O)cc1,444.816667
OCCOCCO,397.038889
ClC(Cl)c1ccccc1,350.927778
CCCCCCCCCCCCN,384.261111
OCC(CO)(CO)CO,533.15
BrCBr,307.038889
CCCCOC(=O)c1ccccc1C(=O)OCCCC,430.372222
CCCCCCC(C)O,333.15
CCCCC=O,285.372222
OCC(O)C(O)C(O)C(O)CO,658.15
CC1CCC(C)C1,259.538889
CC(C#N)CCC#N,370.927778
CCCCN,260.927778
NNc1ccccc1,362.038889
OCCOCCOCCOCCO,469.261111
CC(C)COC=O,277.038889
C1CCC2CCCCC2C1,330.927778
C1CO1,218.15
COCCOCCOC,335.927778
N#CCCCC#N,409.816667
CCC(CC)CO,330.372222
CCCC(C)CCC(C)C,314.261111
CCCCCCCCCCCCCCCCCCCCO,464.816667
C=Cc1ccc(C)cc1,319.261111
CCOC(C)=O,269.261111
C[Si]1(C)O[Si](C)(C)O[Si](C)(C)O[Si](C)(C)O1,330.372222
CCc1cccc(C)c1C,338.15
CCCCCC,251.483333
CCCC=CCCC,280.927778
Cc1ccccc1Cl,324.261111
CCCCCCCCCCCC=O,378.15
CCCCCCCCC=CCCCCCCCC(=O)O,462.038889
S=C=S,243.15
CN(C)c1ccccc1,335.927778
Cc1ccccc1,277.594444
c1cocn1,292.038889
NCCCCCCO,394.816667
CC(C)COC(=O)C(C)C,310.927778
C=C=C,177.594444
CCC1CO1,258.15
CC1CCCC1C,266.205556
N#CCCO,402.594444
Brc1cccc(Br)c1,365.927778
CCCCOCCO,342.594444
CCCC(C)(C)CC,272.038889
FC(F)(F)c1ccc(Cl)cc1,315.927778
Cc1ccccc1[N+](=O)[O-],379.261111
CCCCCCCCC=CCCCCCCCC(=O)OC,449.816667
NCCN,307.038889
C1OCOCO1,318.15
CC(C)(C)OC(C)(C)C,269.816667
Nc1ccccc1N,429.261111
CCCCCCCCCCCC,347.038889
CC(=O)C(=O)O,357.038889
C=CC(C)C,210.927778
CCCCCCCCCCCCCCCCCCCC,442.038889
CCCCC(C)(C)C(C)C,304.261111
CC1=CCC(C(C)C)C=C1,319.816667
CC(=O)CC(C)C,288.705556
OCc1ccco1,338.15
CCOC(=O)OCC,298.15
CCCCCCCCCC(=O)O,414.816667
CCCCCCCCCCCCCCC,388.15
CC1=C(C)C(C)c2ccccc21,359.261111
CCOCc1ccccc1,332.038889
O=C(Cl)C(Cl)Cl,339.261111
c1ccccc1,262.038889
C1COCCO1,285.372222
CCCCCCCCC(=O)O,400.927778
CC1=CC(=O)CC(C)(C)C1,357.038889
CC(C)CC(C)O,314.261111
C=C(C)C=O,275.372222
C=CC1=CCCCC1,289.261111
CCCC(C(C)C)C(C)C,304.261111
COC,232.038889
ClCC=CCCl,326.205556
