SMILES,TARGET
CCC(=O)O,748.15
CCOC(C)=O,699.816667
CC(C)=O,810.927778
CCC(C)=O,788.705556
CCC(=O)CC,725.372222
CC(=O)O,699.816667
C=C(C)CC,638.15
CC(C)C(=O)O,774.816667
CCC(=O)OC,742.038889
CC(=O)OC(C)=O,663.15
CC(C)CC(=O)O,689.261111
CC(=O)CC(C)=O,613.15
C=C(CC)CC,588.15
CCOC(=O)Cl,773.15
CCOC(=O)C=CC(=O)OCC,623.15
O=C(O)CCCCC(=O)O,695.372222
O=C(O)CC(O)(CC(=O)O)C(=O)O,1283.15
O=C(O)COCC(=O)O,503.15
C=CCC,657.038889
CCC=O,480.372222
C=CCCC,545.927778
C=CC(=C)C,493.15
C=CC,728.15
C=CCO,651.483333
C=CCN,647.038889
C=CCCl,758.15
C=COCC,474.816667
CCC=CCC,552.038889
CC=CCC,559.538889
C1CCCNCC1,603.15
C1CCCC1,634.261111
CC1CCCC1,602.038889
CCC1CCCC1,533.15
CCCC1CCCC1,542.038889
C1CCCCC1,533.15
CC1CCCCC1,558.15
OC1CCCCC1,573.15
NC1CCCCC1,565.927778
CCC1CCCCC1,535.372222
CCCCC1CCCCC1,519.261111
CC(C)C1CCCCC1,555.927778
CC1CCC(C)CC1,577.038889
CC1(C)CCCCC1,577.038889
CC1CCCC(C)C1,579.261111
CC1CCC(O)CC1,570.372222
CCCC1CCCCC1,520.927778
CC1CCCCC1C,577.038889
CC1CCCCC1O,569.261111
C1CN1,593.15
C1CC1,770.927778
C1CCC1,699.816667
C1CNCCN1,728.15
C1COCCN1,583.15
C=CC=C,702.038889
C=CCl,745.372222
C=CC=O,507.038889
C=COC=C,633.15
C=CF,658.15
C1CCC(C2CCCCC2)CC1,518.15
C1CCC2CCCCC2C1,523.15
C1CO1,702.038889
CC1CO1,738.15
ClCC1CO1,689.261111
CCC1CO1,712.038889
C1COCCO1,453.15
C1CCOC1,594.261111
OCC1CCCO1,555.372222
C1OCOCO1,687.038889
CC1OC(C)OC(C)O1,510.927778
CC1=CC(=O)CC(C)(C)C1,733.15
C1=CCCCC1,538.15
C=CC1=CCCCC1,543.15
C=C(C)C1CC=C(C)CC1,509.816667
C1=CCCC1,668.15
CC1=CCC2CC1C2(C)C,528.15
C1=CC2CCC1C2,778.15
C1=CC2C3C=CC(C3)C2C1,783.15
O=C1CCCCC1,693.15
O=C1CCCCCO1,610.927778
CN1CCCC1=O,619.261111
C[Si](C)(C)C,449.816667
C[Si](C)(C)O[Si](C)(C)C,614.261111
c1ccncc1,755.372222
Cc1ccccn1,810.927778
Cc1cccnc1,809.816667
Cc1ccncc1,809.816667
C=CC#N,754.261111
CC12CCC(CC1=O)C2(C)C,739.261111
O=C1C=CC(=O)O1,749.816667
C[Si]1(C)O[Si](C)(C)O[Si](C)(C)O[Si](C)(C)O1,673.15
C1=CCC=C1,913.15
CC1=CC=CC1,719.261111
C=C1CCC2CC1C2(C)C,528.15
C=C1CC(=O)O1,583.15
Cn1cccc1,863.15
O=Cc1ccco1,588.705556
OCc1ccco1,664.261111
