SMILES,TARGET
CO,737.038889
Nc1ccc([N+](=O)[O-])cc1,849.816667
CC(C)c1ccc(C(C)C)cc1,349.816667
CC1=CC=CC1,719.261111
CCC(C)N,650.927778
CCC(CC)(CC)CC,563.15
NCCNCCN,630.927778
Cc1ccccc1O,872.038889
C=C(F)F,913.15
OC1CCCCC1,573.15
O=C(OCc1ccccc1)c1ccccc1,753.15
Cc1ccc(C)c(O)c1,872.038889
Cc1ccccn1,810.927778
CCOCCOCCO,477.038889
C=C(C)C=O,507.038889
CCCC(C)(C)CC,709.816667
ClCCCl,685.927778
C[N+](=O)[O-],652.038889
C[Si](C)(C)O[Si](C)(C)C,614.261111
O=C(O)C(O)C(O)C(=O)O,700.927778
CC(O)CCO,667.038889
C1CO1,702.038889
CN(C)c1ccccc1,644.261111
C1CNCCN1,728.15
C[SiH](C)C,593.15
CC(C)CCCCCCCOC(=O)c1ccccc1C(=O)OCCCCCCCC(C)C,674.816667
C=COC(C)=O,699.816667
CC1CCCCC1O,569.261111
CCl,905.372222
CCCCc1cccc2ccccc12,633.15
C1=CCCCC1,538.15
CC(C)C1CCCCC1,555.927778
Cc1ccc(C)cc1,802.038889
c1ccc(Cc2ccccc2)cc1,758.15
c1ccncc1,755.372222
CCC1CCCCC1,535.372222
CCC=O,480.372222
C=Cc1ccc(C)cc1,848.15
CC(C)CC(C)(C)C,690.927778
