SMILES,TARGET
CC(O)CO,-10.920818753952377
CCO,-11.485452247339714
CCCCCC=O,-10.498940737782249
CS,-10.482804102050023
BrCBr,-12.94692155651658
O=C(Cl)Cl,-15.0
C[Si](C)(C)C,-12.0
O=CC(Cl)(Cl)Cl,-11.795880017344077
O=CC(F)(F)F,-12.221848749616356
CC(=O)C(C)(C)C,-11.91721462968355
CCOP(=O)(OCC)OCC,-10.2572748686953
C=CC(C)(O)CCC=C(C)C,-9.795880017344077
C=C(C)C=O,-10.474955192963154
CCOC(=O)CC,-11.669586226650807
CCCOC(C)=O,-11.468521082957745
CC(=O)CCC(C)C,-10.987162775294829
CC(=O)OCC(C)C,-11.259637310505756
CCCCCBr,-11.402304814074489
CCCCCCBr,-11.23284413391782
CCCCCCO,-10.903089986991944
CCOCCOCCO,-10.242603971206975
CN(C)P(=O)(F)N(C)C,-10.193820026016112
CNC,-10.184422251675732
C=CC(=O)OCC,-10.795880017344077
COP(=O)(OC)SC,-11.031984286006358
FC(Br)(Br)Br,-15.0
FC(F)(Cl)Br,-15.0
CC(=O)C(F)(F)F,-13.821023052706831
OCC(F)(F)C(F)(F)F,-13.031984286006358
CCOCOCC,-10.774690718274137
FC(Cl)C(F)(F)C(F)(F)Cl,-14.053056729302174
C=C(C)C(=C)C,-9.913640169325252
C=CCCCCC,-10.39254497678533
COC(=O)OC,-12.508638306165729
CCCCOC,-10.829738284605044
CCCCCCCCCCCCCCC,-10.65364702554936
C#CCCCC,-10.886056647693165
CC(C)(C)OC=O,-12.132532512140948
C=C(C)CCC,-10.200659450546418
COC(=O)CCCC(=O)OC,-11.481486060122112
O=C/C=C/C=O,-10.41907502432438
COP(=S)(OC)SC,-10.2518119729938
C=C/C(C)=C\CC=C(C)C,-9.598599459218455
CC(CO[N+](=O)[O-])O[N+](=O)[O-],-12.494850021680094
CCC(C)=C(C)C,-9.987162775294829
CC(C)CCO[N+](=O)[O-],-11.732828271596986
COC(F)(F)C(F)(F)F,-13.91721462968355
COC(F)(F)C(F)(F)C(F)(F)F,-13.928117992693874
Clc1ccc(-c2c(Cl)ccc(Cl)c2Cl)cc1Cl,-12.221848749616356
c1ccc2c(c1)OCCO2,-10.598599459218455
C1CC1,-13.075720713938118
CC1CO1,-12.2839966563652
c1ccc2[nH]ccc2c1,-9.812479279163536
C1CCCOCC1,-10.812479279163536
C1COC1,-10.987162775294829
C1CC2CCC1C2,-11.260427655549908
c1ccc(Oc2ccccc2)cc1,-11.017728766960431
