SMILES,TARGET
CC(O)CO,-10.920818753952377
CCO,-11.485452247339714
CCCCCC=O,-10.498940737782249
CS,-10.482804102050023
O=C(Cl)Cl,-15.0
CC(C)(C)O,-11.950781977329818
C[Si](C)(C)C,-12.0
CC(=O)C(C)(C)C,-11.91721462968355
CCOP(=O)(OCC)OCC,-10.2572748686953
C=CC(C)(O)CCC=C(C)C,-9.795880017344077
C=C(C)C=O,-10.474955192963154
C=CC(C)=O,-10.72584215073632
ClC(Cl)C(Cl)Cl,-12.602059991327964
CC(C)[N+](=O)[O-],-12.585026652029182
CCOC(=O)CC,-11.669586226650807
O=CCCl,-11.508638306165729
CC(C)CC(C)C,-11.287350298372788
CCCOC(C)=O,-11.468521082957745
CCCCS,-10.292429823902063
CC(=O)CCC(C)C,-10.987162775294829
CCCCCBr,-11.402304814074489
CCCCCCO,-10.903089986991944
OCCOCCO,-10.522878745280336
CCCSCCC,-10.69897000433602
C=C(C)C,-10.289036881004725
C=CC(C)(C)O,-10.188424994129408
CC(=O)CC(C)(C)O,-11.397940008672036
C=CC(=O)OCC,-10.795880017344077
FC(F)(F)COCC(F)(F)F,-12.787812395596042
FC(F)(Cl)Br,-15.0
FC(F)C(F)(F)OCC(F)(F)F,-13.0268721464003
COC(F)(F)F,-13.669586226650807
CC(=O)C(C)=O,-12.623423042943488
FC(C(F)(F)F)C(F)(F)F,-14.790484985457368
CC(C)(C)C,-12.071092309756049
CCCCl,-11.950781977329818
CCC(=O)OC,-12.0
C=CBr,-11.166852888087217
CCOCCC(=O)OCC,-10.640164517660113
CCCCCCC(C)C,-10.995678626217355
CC(=O)C(C)CO,-10.790484985457368
C=CC(C)=CC,-9.866461091629782
CC(Cl)C(C)Cl,-12.017728766960431
FC(F)OC(F)(F)C(F)Cl,-13.924453038607467
COP(N)(=S)OC,-9.61261017366127
CC(C)CCO[N+](=O)[O-],-11.732828271596986
COCC(Cl)Cl,-11.643974142806876
Cc1ccc(C)c(O)c1,-10.096910013008056
Clc1ccccc1,-12.113509274827518
C1COCCO1,-10.962573502059376
Cc1cccc(O)c1C,-10.095825631715837
Oc1cccc(Cl)c1Cl,-11.779891911959943
CC1=CCCCC1,-10.02502800570193
Ic1ccccc1,-11.958607314841776
CCc1cccc(C)c1,-10.71669877129645
CC(C)=Cc1ccccc1,-10.481486060122112
C[C@@H]1CC[C@@H]2C[C@H]1C2(C)C,-10.872895201635192
C=C1C2CCC(C2)C1(C)C,-10.273272790973428
