SMILES,TARGET
C1=CCCCC1,0.001143
C1CO1,0.001669
C1CN1,0.001179
CC1CO1,0.001546
C1CCOC1,0.00121
Cc1cccc2ccccc12,0.000716
c1ccsc1,0.001109
C1CCCCCC1,0.001001
O=C1CCCC1,0.001017
Clc1cccc2ccccc12,0.000736
CCc1cccc2ccccc12,0.000667
ClCC1CO1,0.001054
CN1CCCC1=O,0.000761
CC1=CC(=O)CC(C)(C)C1,0.000783
CCC1CO1,0.001343
C1CC1,0.002497
C1CCC1,0.001396
O=C1CCO1,0.000904
C=CC1=CCCCC1,0.00103
C=C1CCC2CC1C2(C)C,0.000702
CC1CN1,0.001329
OCC1CCCO1,0.000747
C1=CCCC=CCC1,0.001091
C=C(C)C1CC=C(C)CC1,0.000881
C1=CCOC1,0.001244
C1CCC(C2CCCCC2)CC1,0.000758
Brc1cccc2ccccc12,0.000676
CCCCc1cccc2ccccc12,0.000691
O=C(OCc1ccccc1)c1ccccc1,0.000811
Cc1ccsc1,0.000996
Cc1cccs1,0.001004
C(=Cc1ccccc1)c1ccccc1,0.000739
FC1(F)C(F)(F)C(F)(F)C1(F)F,0.002763
CCc1ccc2ccccc2c1,0.000715
Cc1ccc2c(C)cccc2c1,0.00074
Cc1cc(C)c2ccccc2c1,0.000737
CCCCCCCCCc1cccc2ccccc12,0.000712
C1CSC1,0.00114
Cc1ccc2ccccc2c1C,0.000737
Cc1ccc(C)c2ccccc12,0.000735
C1CS1,0.001376
C1=CC=CC=CC=C1,0.000914
Cc1ccc2cccc(C)c2c1,0.00074
CCCCc1ccc2ccccc2c1,0.000728
c1ccc2cccc-2cc1,0.000729
CCCc1cccc2ccccc12,0.000732
CCCc1ccc2ccccc2c1,0.000731
CCCCCc1cccc2ccccc12,0.000724
CCCCCc1ccc2ccccc2c1,0.000723
