SMILES,TARGET
C1=CCCCC1,0.001143
C1CO1,0.001669
C1CCOC1,0.00121
CC1CO1,0.001546
C1CCNC1,0.001071
Cc1cccc2ccccc12,0.000716
c1ccsc1,0.001109
C1COCCN1,0.000921
O=C1CCCC1,0.001017
c1ccc2c(c1)CCCC2,0.000746
Clc1cccc2ccccc12,0.000736
CCc1cccc2ccccc12,0.000667
ClCC1CO1,0.001054
CC1=CC(=O)CC(C)(C)C1,0.000783
CCC1CO1,0.001343
OCC1CCCO1,0.000747
C1CCCNCC1,0.000937
C1COC1,0.001388
C1CCC1,0.001396
C=CC1=CCCCC1,0.00103
C=C1CCC2CC1C2(C)C,0.000702
CN1CCCC1,0.001177
C1=CCCC=CCC1,0.001091
C=C(C)C1CC=C(C)CC1,0.000881
C1=CCOC1,0.001244
Brc1cccc2ccccc12,0.000676
C1CCC(C2CCCCC2)CC1,0.000758
C=C1C=CC(C(C)C)CC1,0.000986
CCCCc1cccc2ccccc12,0.000691
Cc1ccsc1,0.000996
Cc1cccs1,0.001004
C(=Cc1ccccc1)c1ccccc1,0.000739
FC1(F)C(F)(F)C(F)(F)C1(F)F,0.002763
CCc1ccc2ccccc2c1,0.000715
c1ccc2[nH]ccc2c1,0.000656
Cc1ccc2c(C)cccc2c1,0.00074
Cc1cc(C)c2ccccc2c1,0.000737
CCCCCCCCCc1cccc2ccccc12,0.000712
Cc1cc2ccccc2o1,0.000835
Cc1ccc2ccccc2c1C,0.000737
Cc1ccc(C)c2ccccc12,0.000735
C1=CC=CC=CC=C1,0.000914
Cc1ccc2cccc(C)c2c1,0.00074
CCCCc1ccc2ccccc2c1,0.000728
c1ccc2cccc-2cc1,0.000729
CCCc1cccc2ccccc12,0.000732
CCCc1ccc2ccccc2c1,0.000731
CCCCCc1cccc2ccccc12,0.000724
CCCCCc1ccc2ccccc2c1,0.000723
