SMILES,TARGET
C1CCCC1,0.001355
c1ccncc1,0.001095
C1CCNC1,0.001071
CC1CCCC1,0.00125
C1=CCCC1,0.001371
Cc1ccncc1,0.000949
O=Cc1ccco1,0.000901
O=C1CCCCC1,0.000898
Cc1ccccn1,0.000987
OCc1ccco1,0.000768
C1=CCCC=C1,0.001288
c1ccc2c(c1)CCC2,0.000883
c1ccoc1,0.001485
CCC1CCCC1,0.001093
CCCC1CCCC1,0.001023
CC1OC(C)OC(C)O1,0.001117
Cc1cccnc1,0.000968
Cc1cccc(C)n1,0.000831
C1CCC2CCCCC2C1,0.00084
c1ccc2ncccc2c1,0.000671
Cc1cc(C)nc(C)c1,0.000922
C1CCCNCC1,0.000937
CC1CCC(C)C1,0.00122
CCC1(C)CCCC1,0.001087
C1COC1,0.001388
O=C1CCCO1,0.000747
CC1=CCC(C(C)C)=CC1,0.0009
CN1CCCC1,0.001177
CC1CCCC1C,0.001178
CC1=CC=C(C(C)C)CC1,0.00091
c1ccc(COCc2ccccc2)cc1,0.000718
C1=Cc2ccccc2C1,0.000916
CC1=CCC(C(C)C)C=C1,0.000918
NCCN1CCNCC1,0.000789
Cc1ccc2ccccc2n1,0.000776
C1=CC=CCC=C1,0.001048
c1cocn1,0.001007
CC1=CCCC1,0.001211
CC1C=CCC1,0.001252
CC1CC=CC1,0.001231
CCCCC1CCCC1,0.00099
C1CCCCCCC1,0.000896
C1CCSCC1,0.000923
CC1=CCC(=C(C)C)CC1,0.00089
SC1CCCC1,0.000925
CCCCCCCCCCC1CCCC1,0.000864
CCCCCCCCCCCCCCC1CCCC1,0.000842
CCCCCCCCCCCCCCCC1CCCC1,0.000855
C1CCCSCC1,0.000792
